username,password,,,,,
midhunvugge1@gmail.com,midhun1,,,,,
midhunvugge2@gmail.com,midhun2,,,,,
midhunvugge3@gmail.com,midhun3,,,,,
midhunvugge4@gmail.com,midhun4,,,,,
midhunvugge5@gmail.com,midhun5,,,,,
midhunvugge6@gmail.com,midhun6,,,,,
midhunvugge7@gmail.com,midhun7,,,,,
midhunvugge8@gmail.com,midhun8,,,,,
midhunvugge9@gmail.com,midhun9,,,,,
midhunvugge10@gmail.com,midhun10,,,,,
midhunvugge11@gmail.com,midhun11,,,,,
midhunvugge12@gmail.com,midhun12,,,,,
midhunvugge13@gmail.com,midhun13,,,,,
midhunvugge14@gmail.com,midhun14,,,,,
midhunvugge15@gmail.com,midhun15,,,,,
midhunvugge16@gmail.com,midhun16,,,,,
midhunvugge17@gmail.com,midhun17,,,,,
midhunvugge18@gmail.com,midhun18,,,,,
midhunvugge19@gmail.com,midhun19,,,,,
midhunvugge20@gmail.com,midhun20,,,,,
midhunvugge21@gmail.com,midhun21,,,,,
midhunvugge22@gmail.com,midhun22,,,,,
midhunvugge23@gmail.com,midhun23,,,,,
midhunvugge24@gmail.com,midhun24,,,,,
midhunvugge25@gmail.com,midhun25,,,,,
midhunvugge26@gmail.com,midhun26,,,,,
midhunvugge27@gmail.com,midhun27,,,,,
midhunvugge28@gmail.com,midhun28,,,,,
midhunvugge29@gmail.com,midhun29,,,,,
midhunvugge30@gmail.com,midhun30,,,,,
midhunvugge31@gmail.com,midhun31,,,,,
midhunvugge32@gmail.com,midhun32,,,,,
midhunvugge33@gmail.com,midhun33,,,,,
midhunvugge34@gmail.com,midhun34,,,,,
midhunvugge35@gmail.com,midhun35,,,,,
midhunvugge36@gmail.com,midhun36,,,,,
midhunvugge37@gmail.com,midhun37,,,,,
midhunvugge38@gmail.com,midhun38,,,,,
midhunvugge39@gmail.com,midhun39,,,,,
midhunvugge40@gmail.com,midhun40,,,,,
midhunvugge41@gmail.com,midhun41,,,,,
midhunvugge42@gmail.com,midhun42,,,,,
midhunvugge43@gmail.com,midhun43,,,,,
midhunvugge44@gmail.com,midhun44,,,,,
midhunvugge45@gmail.com,midhun45,,,,,
midhunvugge46@gmail.com,midhun46,,,,,
midhunvugge47@gmail.com,midhun47,,,,,
midhunvugge48@gmail.com,midhun48,,,,,
midhunvugge49@gmail.com,midhun49,,,,,
midhunvugge50@gmail.com,midhun50,,,,,
midhunvugge51@gmail.com,midhun51,,,,,
midhunvugge52@gmail.com,midhun52,,,,,
midhunvugge53@gmail.com,midhun53,,,,,
midhunvugge54@gmail.com,midhun54,,,,,
midhunvugge55@gmail.com,midhun55,,,,,
midhunvugge56@gmail.com,midhun56,,,,,
midhunvugge57@gmail.com,midhun57,,,,,
midhunvugge58@gmail.com,midhun58,,,,,
midhunvugge59@gmail.com,midhun59,,,,,
midhunvugge60@gmail.com,midhun60,,,,,
midhunvugge61@gmail.com,midhun61,,,,,
midhunvugge62@gmail.com,midhun62,,,,,
midhunvugge63@gmail.com,midhun63,,,,,
midhunvugge64@gmail.com,midhun64,,,,,
midhunvugge65@gmail.com,midhun65,,,,,
midhunvugge66@gmail.com,midhun66,,,,,
midhunvugge67@gmail.com,midhun67,,,,,
midhunvugge68@gmail.com,midhun68,,,,,
midhunvugge69@gmail.com,midhun69,,,,,
midhunvugge70@gmail.com,midhun70,,,,,
midhunvugge71@gmail.com,midhun71,,,,,
midhunvugge72@gmail.com,midhun72,,,,,
midhunvugge73@gmail.com,midhun73,,,,,
midhunvugge74@gmail.com,midhun74,,,,,
midhunvugge75@gmail.com,midhun75,,,,,
midhunvugge76@gmail.com,midhun76,,,,,
midhunvugge77@gmail.com,midhun77,,,,,
midhunvugge78@gmail.com,midhun78,,,,,
midhunvugge79@gmail.com,midhun79,,,,,
midhunvugge80@gmail.com,midhun80,,,,,
midhunvugge81@gmail.com,midhun81,,,,,
midhunvugge82@gmail.com,midhun82,,,,,
midhunvugge83@gmail.com,midhun83,,,,,
midhunvugge84@gmail.com,midhun84,,,,,
midhunvugge85@gmail.com,midhun85,,,,,
midhunvugge86@gmail.com,midhun86,,,,,
midhunvugge87@gmail.com,midhun87,,,,,
midhunvugge88@gmail.com,midhun88,,,,,
midhunvugge89@gmail.com,midhun89,,,,,
midhunvugge90@gmail.com,midhun90,,,,,
midhunvugge91@gmail.com,midhun91,,,,,
midhunvugge92@gmail.com,midhun92,,,,,
midhunvugge93@gmail.com,midhun93,,,,,
midhunvugge94@gmail.com,midhun94,,,,,
midhunvugge95@gmail.com,midhun95,,,,,
midhunvugge96@gmail.com,midhun96,,,,,
midhunvugge97@gmail.com,midhun97,,,,,
midhunvugge98@gmail.com,midhun98,,,,,
midhunvugge99@gmail.com,midhun99,,,,,
midhunvugge100@gmail.com,midhun100,,,,,
